Keyword,Position,Previous position,Search Volume,Keyword Difficulty,CPC,URL,Traffic,Traffic (%),Traffic Cost,Competition,Number of Results,Trends,Timestamp,SERP Features by Keyword,Keyword Intents,Position Type
ring central,1,1,110000,83,17.19,https://www.ringcentral.com/,88000,7.63,1512720.00,0.63,1570000000,"[36,100,67,67,45,45,45,45,45,45,45,36]",2026-02-21,"Knowledge panel, Top stories, Sitelinks, Video, Ads top, Ads bottom, People also ask, Related searches, Short videos",navigational,Organic
ringcentral,1,1,110000,74,17.19,https://www.ringcentral.com/,88000,7.63,1512720.00,0.63,4650000,"[66,100,66,66,66,66,66,66,66,66,66,54]",2026-02-21,"Knowledge panel, Top stories, Sitelinks, Video, Ads top, Ads bottom, People also ask, Related searches",navigational,Organic
ringcentral login,1,1,49500,50,0.06,https://support.ringcentral.com/login.html,39600,3.43,2376.00,0.07,2870000,"[66,66,66,81,81,81,81,81,66,66,81,66]",2026-02-22,"Sitelinks, Video, People also ask, Related searches","navigational, transactional",Organic
customer feedback surveys,5,5,1830000,24,11.50,https://www.ringcentral.com/contact-center/customer-feedback-survey.html,34770,3.01,399855.00,0.07,104000000,"[0,0,0,0,0,0,10,29,100,100,7,0]",2026-02-18,"Image pack, Sitelinks, Video, People also ask, Related searches, AI overview",informational,Organic
ring central login,1,1,27100,39,0.06,https://support.ringcentral.com/login.html,21680,1.88,1300.00,0.06,148000000,"[81,100,100,81,44,44,44,81,81,81,100,81]",2026-02-21,"Sitelinks, Video, People also ask, Related searches","navigational, transactional",Organic
ringcentral admin,1,1,22200,40,13.23,https://service.ringcentral.com/,17760,1.54,234964.00,0.02,961000,"[66,81,81,81,81,100,81,81,81,81,100,66]",2026-02-21,"Sitelinks, Video, People also ask, Related searches",navigational,Organic
ringcentral download,1,1,12100,45,4.55,https://www.ringcentral.com/download.html,9680,0.83,44044.00,0.02,1310000,"[81,100,66,66,66,66,81,66,81,66,81,54]",2026-02-17,"Sitelinks, Video, People also ask, Related searches, See results about",navigational,Organic
email etiquette,8,8,1830000,52,0.65,https://www.ringcentral.com/us/en/blog/email-etiquette/,9150,0.79,5947.00,0.03,73600000,"[0,0,0,0,0,0,10,29,100,100,4,0]",2026-02-16,"Sitelinks, Video, Video Carousel, People also ask, Related searches, AI overview",informational,Organic
347 area code,2,2,201000,38,0.00,https://www.ringcentral.com/features/local-numbers/area-code-347.html,4824,0.41,0.00,0,115000000,"[54,66,66,66,66,81,66,81,66,54,66,54]",2026-02-17,"Image pack, Video, People also ask, Related searches, AI overview",informational,Organic
818 area code,3,3,135000,32,0.00,https://www.ringcentral.com/area-code-818.html,2970,0.25,0.00,0,43400000,"[66,81,66,81,81,81,81,81,81,81,100,81]",2026-02-15,"Image pack, Sitelinks, Video, People also ask, Related searches, AI overview",informational,Organic
424 area code,3,3,135000,30,1.17,https://www.ringcentral.com/features/local-numbers/area-code-424-and-310.html,2970,0.25,3474.00,0,92900000,"[81,67,44,54,54,54,54,54,54,54,81,44]",2026-02-18,"Image pack, Sitelinks, Video, People also ask, Related searches, AI overview",informational,Organic
267 area code,3,3,110000,40,0.61,https://www.ringcentral.com/features/local-numbers/area-code-267.html,2640,0.22,1610.00,0,146000000,"[67,67,81,81,81,67,67,81,81,100,81,81]",2026-02-17,"Image pack, Sitelinks, Video, People also ask, Related searches, AI overview",informational,Organic
512 area code,5,5,135000,29,0.35,https://www.ringcentral.com/area-code-512.html,2565,0.22,897.00,0,143000000,"[81,100,81,100,100,100,100,100,100,100,100,81]",2026-02-13,"Image pack, Sitelinks, Video, People also ask, Related searches, AI overview",informational,Organic
817 area code,3,3,90500,26,0.00,https://www.ringcentral.com/features/local-numbers/area-code-817.html,2172,0.18,0.00,0,61700000,"[100,100,100,100,100,100,100,100,100,100,100,81]",2026-02-21,"Image pack, Sitelinks, Video, Image, People also ask, Related searches, AI overview",informational,Organic
323 area code,5,5,165000,37,0.67,https://www.ringcentral.com/features/local-numbers/area-code-323.html,2145,0.18,1437.00,0,136000000,"[54,44,44,54,44,44,44,44,44,66,54,81]",2026-02-16,"Image pack, Video, People also ask, Related searches, See results about, AI overview",informational,Organic
919 area code,5,5,110000,24,0.00,https://www.ringcentral.com/features/local-numbers/area-code-919-and-984.html,2090,0.18,0.00,0,46200000,"[67,81,67,81,81,81,81,81,81,81,81,54]",2026-02-18,"Image pack, Video, People also ask, Related searches, AI overview",informational,Organic
703 area code,3,3,90500,27,0.00,https://www.ringcentral.com/area-code-703.html,1991,0.17,0.00,0,78500000,"[82,82,82,82,82,82,82,100,82,82,82,82]",2026-02-21,"Image pack, Sitelinks, Video, People also ask, Related searches, AI overview",informational,Organic
213 area code,5,5,450000,38,0.92,https://www.ringcentral.com/features/local-numbers/area-code-213.html,1800,0.15,1656.00,0,195000000,"[66,44,44,44,44,54,44,66,100,100,100,100]",2026-02-18,"Image pack, Sitelinks, Video, People also ask, Related searches, Things to know, AI overview",informational,Organic
646 area code,9,9,301000,34,1.11,https://www.ringcentral.com/features/local-numbers/area-code-646.html,1505,0.13,1670.00,0,63100000,"[66,81,66,66,81,81,81,100,81,81,100,81]",2026-02-17,"Image pack, Video, People also ask, Related searches, AI overview",informational,Organic
video conference tips,9,9,1000000,29,0.00,https://www.ringcentral.com/us/en/blog/video-conferencing-etiquette-2022/,1500,0.13,0.00,0.03,230000000,"[0,0,0,0,0,0,4,10,100,16,7,0]",2026-02-20,"Video, Video Carousel, People also ask, Related searches, Discussions and forums, AI overview",informational,Organic
teamwork tips,15,15,1000000,30,0.00,https://www.ringcentral.com/us/en/blog/5-tips-to-improve-teamwork/,1500,0.13,0.00,0.03,79000000,"[0,0,0,0,0,0,0,20,100,20,0,0]",2026-02-15,"Image pack, Sitelinks, Video, Video Carousel, People also ask, Related searches, AI overview",informational,Organic
951 area code,2,2,165000,25,0.95,https://www.ringcentral.com/features/local-numbers/area-code-951.html,1485,0.12,1410.00,0,38700000,"[100,82,67,67,67,54,67,100,100,82,67,54]",2026-02-18,"Image pack, Video, People also ask, Related searches, Things to know, AI overview",informational,Organic
917 area code,3,3,201000,36,0.00,https://www.ringcentral.com/features/local-numbers/area-code-917.html,1407,0.12,0.00,0,60200000,"[54,66,100,81,81,66,54,66,81,54,66,54]",2026-02-21,"Image pack, Sitelinks, Video, Image, People also ask, Related searches, Things to know, AI overview",informational,Organic
area code 213,4,4,74000,41,0.00,https://www.ringcentral.com/features/local-numbers/area-code-213.html,1406,0.12,0.00,0,200000000,"[36,36,30,36,36,36,36,44,100,81,81,81]",2026-02-19,"Image pack, Sitelinks, Video, People also ask, Related searches, AI overview",informational,Organic
ringcentral login,2,2,49500,50,0.06,https://www.ringcentral.com/,1287,0.11,77.00,0.07,2870000,"[66,66,66,81,81,81,81,81,66,66,81,66]",2026-02-22,"Sitelinks, Video, People also ask, Related searches","navigational, transactional",Organic
469 area code,2,2,135000,29,1.31,https://www.ringcentral.com/features/local-numbers/area-code-469.html,1215,0.1,1591.00,0,108000000,"[67,82,67,67,67,67,67,82,67,67,82,67]",2026-02-21,"Image pack, Sitelinks, Video, People also ask, Related searches, See results about, Things to know, AI overview",informational,Organic
702 area code,2,2,135000,30,0.00,https://www.ringcentral.com/features/local-numbers/area-code-702.html,1215,0.1,0.00,0,61800000,"[81,81,66,81,66,81,81,100,81,81,81,66]",2026-02-16,"Image pack, Video, People also ask, Related searches, Things to know, AI overview",informational,Organic
949 area code,2,2,135000,24,0.84,https://www.ringcentral.com/features/local-numbers/area-code-949.html,1215,0.1,1020.00,0,35300000,"[54,100,54,54,54,54,54,54,54,67,54,44]",2026-02-15,"Image pack, Video, People also ask, Related searches, Things to know, AI overview",informational,Organic
407 phone prefix,2,2,33100,23,0.48,https://www.ringcentral.com/features/local-numbers/area-code-407.html,993,0.08,476.00,0,1130000,"[0,0,16,100,55,55,67,0,0,0,16,67]",2026-02-20,"Video, People also ask, Related searches, AI overview","commercial, informational",Organic
646 area code in new york,2,2,33100,32,1.11,https://www.ringcentral.com/features/local-numbers/area-code-646.html,993,0.08,1102.00,0,6870000,"[1,0,20,81,66,66,100,0,2,54,10,66]",2026-02-21,"Image pack, Sitelinks, Video, People also ask, Related searches, AI overview","commercial, informational",Organic
dialing code 646,4,4,40500,33,1.11,https://www.ringcentral.com/features/local-numbers/area-code-646.html,972,0.08,1078.00,0,1280000,"[66,66,54,54,66,81,66,81,81,81,16,100]",2026-02-21,"Video, People also ask, Related searches, AI overview",informational,Organic
805 area code,3,3,135000,35,0.57,https://www.ringcentral.com/features/local-numbers/area-code-805.html,945,0.08,538.00,0,57100000,"[100,82,54,67,54,67,67,67,67,67,67,54]",2026-02-20,"Image pack, Image, People also ask, Related searches, Things to know, AI overview",informational,Organic
310 area code,7,7,135000,35,0.00,https://www.ringcentral.com/features/local-numbers/area-code-424-and-310.html,945,0.08,0.00,0,166000000,"[81,100,81,81,81,81,100,81,81,81,81,54]",2026-02-19,"Image pack, Sitelinks, Video, People also ask, Related searches, AI overview",informational,Organic
202 area code,5,5,165000,40,2.98,https://www.ringcentral.com/features/local-numbers/area-code-202.html,825,0.07,2458.00,0,413000000,"[54,82,67,100,67,82,82,82,67,67,82,67]",2026-02-18,"Image pack, Sitelinks, Video, People also ask, Related searches, Things to know, AI overview",informational,Organic
281 area code,2,2,90500,28,0.92,https://www.ringcentral.com/area-code-281.html,814,0.07,748.00,0,140000000,"[82,82,82,82,82,82,100,100,100,82,82,82]",2026-02-17,"Image pack, Video, People also ask, Related searches, Things to know, AI overview",informational,Organic
407 telephone code,3,3,33100,31,0.48,https://www.ringcentral.com/features/local-numbers/area-code-407.html,794,0.06,381.00,0,7180000,"[0,0,16,100,55,55,67,0,1,16,16,67]",2026-02-18,"Image pack, Video, Image, People also ask, Related searches, AI overview","commercial, informational",Organic
florida 407,4,4,33100,30,0.48,https://www.ringcentral.com/features/local-numbers/area-code-407.html,794,0.06,381.00,0,121000000,"[0,0,7,100,55,55,67,0,1,16,16,67]",2026-02-21,"Video, Video Carousel, People also ask, Related searches, See results about, AI overview",informational,Organic
virginia 703,3,3,33100,27,0.00,https://www.ringcentral.com/area-code-703.html,794,0.06,0.00,0,89900000,"[0,0,66,100,66,29,81,0,1,29,13,24]",2026-02-19,"Image pack, Video, Image, People also ask, Related searches, AI overview",informational,Organic
area code 786,3,3,22200,31,0.00,https://www.ringcentral.com/features/local-numbers/area-code-786-and-305.html,777,0.06,0.00,0,51600000,"[66,66,66,66,66,100,100,100,81,81,81,81]",2026-02-19,"Image pack, Video, Related searches, AI overview",informational,Organic
voicemail,6,6,110000,52,0.75,https://www.ringcentral.com/gb/en/blog/ringcentral-answers/how-to-listen-to-check-your-voicemail-quick-easy-steps/,770,0.06,577.00,0.02,27500000,"[24,20,24,30,30,24,20,24,24,24,30,24]",2026-02-16,"Video, Video Carousel, People also ask, Related searches, AI overview",informational,Organic
ring central login,2,2,27100,39,0.06,https://www.ringcentral.com/,704,0.06,42.00,0.06,148000000,"[81,100,100,81,44,44,44,81,81,81,100,81]",2026-02-21,"Sitelinks, Video, People also ask, Related searches","navigational, transactional",Organic
ringcentral login,4,4,49500,50,0.06,https://billing-portal.ringcentral.com/,693,0.06,41.00,0.07,2870000,"[66,66,66,81,81,81,81,81,66,66,81,66]",2026-02-22,"Sitelinks, Video, People also ask, Related searches","navigational, transactional",Organic
346 area code,4,4,135000,34,1.26,https://www.ringcentral.com/features/local-numbers/area-code-346.html,675,0.05,850.00,0,107000000,"[66,81,66,66,66,81,81,100,100,81,81,66]",2026-02-17,"Image pack, Video, People also ask, Related searches, Things to know, AI overview",informational,Organic
407 area code,4,4,135000,28,0.48,https://www.ringcentral.com/features/local-numbers/area-code-407.html,675,0.05,324.00,0,107000000,"[81,81,81,81,81,81,100,81,100,66,81,100]",2026-02-15,"Image pack, Video, People also ask, Related searches, Things to know, AI overview",informational,Organic
425 area code,6,6,74000,23,3.17,https://www.ringcentral.com/features/local-numbers/area-code-425.html,666,0.05,2111.00,0,174000000,"[81,81,66,81,81,81,81,81,81,81,81,81]",2026-02-22,"Image pack, Related searches, Things to know, AI overview",informational,Organic
phone prefix 202,3,3,14800,39,2.98,https://www.ringcentral.com/features/local-numbers/area-code-202.html,651,0.05,1939.00,0,6040000,"[1,0,20,100,81,0,0,0,2,24,0,0]",2026-02-22,"Sitelinks, Video, Video Carousel, Related searches, AI overview","commercial, informational",Organic
646 what area code,4,4,14800,28,0.56,https://www.ringcentral.com/features/local-numbers/area-code-646.html,651,0.05,364.00,0,61400000,"[100,81,0,4,100,44,36,0,3,29,20,54]",2026-02-21,"Image, Related searches, AI overview",informational,Organic
213,3,3,27100,49,1.09,https://www.ringcentral.com/features/local-numbers/area-code-213.html,650,0.05,708.00,0.02,941000000,"[54,54,67,67,67,81,100,81,100,81,100,67]",2026-02-21,"Image pack, Sitelinks, Video, Image, Video Carousel, People also ask, AI overview",informational,Organic
telephone prefix 818,3,3,27100,29,0.00,https://www.ringcentral.com/area-code-818.html,650,0.05,0.00,0,82200,"[0,0,20,100,66,66,81,0,0,24,0,0]",2026-02-20,"Video, People also ask, Related searches, AI overview",informational,Organic
telephone area code 330,3,3,27100,29,0.00,https://www.ringcentral.com/features/local-numbers/area-code-330.html,650,0.05,0.00,0,8550000,"[0,0,66,100,66,24,24,0,2,20,13,24]",2026-02-23,"Image pack, Video, People also ask, Related searches, AI overview",informational,Organic
732 area code,3,3,90500,20,0.00,https://www.ringcentral.com/area-code-732.html,633,0.05,0.00,0,59200000,"[67,82,82,82,82,82,82,100,100,100,82,67]",2026-02-21,"Image pack, People also ask, Related searches, Things to know, AI overview",informational,Organic
302 area code,3,3,90500,29,0.00,https://www.ringcentral.com/area-code-302.html,633,0.05,0.00,0,154000000,"[67,100,67,82,100,82,82,100,100,82,100,67]",2026-02-20,"Image pack, Video, People also ask, Related searches, Things to know, AI overview",informational,Organic
phone numbers,1,1,18100,54,2.80,https://www.ringcentral.com/office/features/local-numbers/overview.html,633,0.05,1772.00,0.06,1310000000,"[54,54,67,67,54,54,54,81,54,54,81,44]",2026-02-23,"Image pack, Video, Ads bottom, Video Carousel, People also ask, Related searches, Things to know","commercial, informational",Organic
area code 347,3,3,27100,35,2.14,https://www.ringcentral.com/features/local-numbers/area-code-347.html,596,0.05,1275.00,0,117000000,"[54,54,66,66,54,66,66,66,54,54,54,36]",2026-02-19,"Image pack, Video, Image, People also ask, Related searches, AI overview",informational,Organic
ringcentral admin,2,2,22200,40,13.23,https://support.ringcentral.com/article-v2/Signing-in-to-RingCentral.html?brand=RingCentral&product=RingEX&language=en_US&pills-nav=admin_portal,577,0.05,7633.00,0.02,961000,"[66,81,81,81,81,100,81,81,81,81,100,66]",2026-02-21,"Sitelinks, Video, People also ask, Related searches",navigational,Organic
916 area code,4,4,110000,32,0.00,https://www.ringcentral.com/area-code-916.html,550,0.04,0.00,0,44300000,"[81,100,81,100,81,81,81,81,81,81,81,81]",2026-02-18,"Image pack, Video, People also ask, Related searches, Things to know, AI overview",informational,Organic
305 area code,6,6,135000,45,4.11,https://www.ringcentral.com/features/local-numbers/area-code-786-and-305.html,540,0.04,2219.00,0,148000000,"[66,81,66,66,81,81,81,100,100,81,81,66]",2026-02-17,"Image pack, Sitelinks, Video, People also ask, Related searches, Things to know, AI overview",informational,Organic
telephone number,4,4,22200,58,1.89,https://www.ringcentral.com/office/features/local-numbers/overview.html,532,0.04,1005.00,0.03,6790000000,"[36,44,36,44,44,54,36,36,29,29,29,36]",2026-02-17,"Image pack, Video, Featured snippet, People also ask, Related searches",informational,Organic
817 phone number area,3,3,22200,18,0.00,https://www.ringcentral.com/features/local-numbers/area-code-817.html,532,0.04,0.00,0,17000000,"[0,0,0,100,66,29,81,0,0,0,0,0]",2026-02-22,"Image pack, Video, Image, People also ask, Related searches","commercial, informational",Organic
phone prefix 949,4,4,22200,25,0.84,https://www.ringcentral.com/features/local-numbers/area-code-949.html,532,0.04,446.00,0,1340000,"[0,0,0,100,55,55,0,0,1,16,16,0]",2026-02-22,"Image pack, Video, People also ask, Related searches, AI overview","commercial, informational",Organic
984 area code,5,5,40500,29,0.00,https://www.ringcentral.com/features/local-numbers/area-code-919-and-984.html,526,0.04,0.00,0,31000000,"[54,66,54,66,66,66,66,66,66,54,66,66]",2026-02-15,"Image pack, Sitelinks, Video, People also ask, Related searches, See results about, AI overview",informational,Organic
dsl,4,4,40500,52,7.64,https://www.ringcentral.com/us/en/blog/what-is-dsl/,526,0.04,4018.00,0.02,45500000,"[54,54,54,54,81,66,54,54,54,54,44,36]",2026-02-21,"Knowledge panel, Sitelinks, Video, People also ask, Related searches, Things to know, AI overview",informational,Organic
area code 323,4,4,22200,30,0.00,https://www.ringcentral.com/features/local-numbers/area-code-323.html,488,0.04,0.00,0,207000000,"[44,44,44,54,44,44,44,54,44,66,54,66]",2026-02-21,"Image pack, Video, People also ask, Related searches, AI overview",informational,Organic
ring central login,3,3,27100,39,0.06,https://billing-portal.ringcentral.com/,487,0.04,29.00,0.06,148000000,"[81,100,100,81,44,44,44,81,81,81,100,81]",2026-02-21,"Sitelinks, Video, People also ask, Related searches","navigational, transactional",Organic
630 area code,4,4,90500,15,0.00,https://www.ringcentral.com/features/local-numbers/area-code-630.html,452,0.03,0.00,0,124000000,"[81,100,100,100,100,100,100,100,100,100,81,81]",2026-02-18,"Image pack, Video, People also ask, Related searches, Things to know, AI overview",informational,Organic
925 area code,3,3,90500,26,0.00,https://www.ringcentral.com/features/local-numbers/area-code-925.html,452,0.03,0.00,0,60600000,"[82,82,67,67,67,67,82,82,82,82,82,67]",2026-02-21,"Image pack, Video, People also ask, Related searches, Things to know, AI overview",informational,Organic
how to send a fax,13,13,301000,47,2.62,https://www.ringcentral.com/how-to-send-fax-online.html,451,0.03,1181.00,0.38,651000000,"[0,0,0,0,0,0,0,0,0,0,81,100]",2026-02-19,"Video, People also ask, Related searches, Discussions and forums, AI overview",informational,Organic
315 area code,6,6,110000,33,0.00,https://www.ringcentral.com/features/local-numbers/area-code-315.html,440,0.03,0.00,0,139000000,"[66,66,54,81,66,81,66,66,54,54,66,54]",2026-02-18,"Image pack, Video, People also ask, Related searches, Things to know, AI overview",informational,Organic
area code is 703,3,3,18100,25,0.00,https://www.ringcentral.com/area-code-703.html,434,0.03,0.00,0,30100000,"[0,0,0,100,66,16,0,0,1,29,13,0]",2026-02-20,"Sitelinks, Video, People also ask, Related searches, AI overview",informational,Organic
for a phone number,5,5,18100,57,3.51,https://www.ringcentral.com/office/features/local-numbers/overview.html,434,0.03,1523.00,0.01,6230000000,"[36,81,44,66,66,81,100,81,100,29,54,24]",2026-02-22,"Sitelinks, Video, Image, People also ask, Related searches",commercial,Organic
location of area code 919,4,4,18100,25,0.00,https://www.ringcentral.com/features/local-numbers/area-code-919-and-984.html,434,0.03,0.00,0,16500000,"[0,0,0,5,81,36,100,0,0,36,16,0]",2026-02-18,"People also ask, Related searches, See results about, AI overview",informational,Organic
267 phone prefix,3,3,18100,32,0.61,https://www.ringcentral.com/features/local-numbers/area-code-267.html,434,0.03,264.00,0,4840000,"[1,0,1,5,81,36,100,0,2,30,16,36]",2026-02-17,"Image pack, Video, Image, Video Carousel, People also ask, Related searches, AI overview",informational,Organic
california area code 323,5,5,33100,29,0.67,https://www.ringcentral.com/features/local-numbers/area-code-323.html,430,0.03,288.00,0,15100000,"[1,0,16,81,66,66,81,0,1,24,16,100]",2026-02-21,"Image pack, Video, People also ask, Related searches, AI overview",informational,Organic
206 area code,13,13,135000,44,0.00,https://www.ringcentral.com/features/local-numbers/area-code-206.html,405,0.03,0.00,0,240000000,"[82,82,54,67,67,67,67,67,67,67,82,54]",2026-02-17,"Image pack, Video, People also ask, Related searches, AI overview",informational,Organic
ringcentral admin,3,3,22200,40,13.23,https://www.ringcentral.com/,399,0.03,5278.00,0.02,961000,"[66,81,81,81,81,100,81,81,81,81,100,66]",2026-02-21,"Sitelinks, Video, People also ask, Related searches",navigational,Organic
310 area code location california,5,5,18100,29,0.00,https://www.ringcentral.com/features/local-numbers/area-code-424-and-310.html,398,0.03,0.00,0,44900000,"[1,0,0,7,81,81,100,0,2,24,24,0]",2026-02-15,"Sitelinks, Video, People also ask, Related searches, AI overview",informational,Organic
area code 404,5,5,18100,24,0.00,https://www.ringcentral.com/area-code-404.html,398,0.03,0.00,0,126000000,"[54,67,54,54,54,81,67,54,54,54,54,36]",2026-02-15,"Video, People also ask, Related searches, AI overview",informational,Organic
ring central login,4,4,27100,39,0.06,https://support.ringcentral.com/myaccount.html,379,0.03,22.00,0.06,148000000,"[81,100,100,81,44,44,44,81,81,81,100,81]",2026-02-21,"Sitelinks, Video, People also ask, Related searches","navigational, transactional",Organic
330 area code,3,3,74000,37,0.00,https://www.ringcentral.com/features/local-numbers/area-code-330.html,370,0.03,0.00,0,170000000,"[81,100,100,100,100,100,100,100,100,100,81,81]",2026-02-15,"Image pack, Video, People also ask, Related searches, Things to know, AI overview",informational,Organic
401 area code,4,4,74000,26,0.00,https://www.ringcentral.com/features/local-numbers/area-code-401.html,370,0.03,0.00,0,139000000,"[81,81,81,100,81,100,100,100,100,100,100,66]",2026-02-15,"Image pack, Video, People also ask, Related searches, Things to know, AI overview",informational,Organic
what area code is 213,3,3,14800,35,0.67,https://www.ringcentral.com/features/local-numbers/area-code-213.html,355,0.03,237.00,0,184000000,"[29,29,24,29,29,29,19,36,81,54,54,100]",2026-02-21,"Sitelinks, Video, People also ask, Related searches, AI overview",informational,Organic
area code 267,3,3,14800,31,0.00,https://www.ringcentral.com/features/local-numbers/area-code-267.html,355,0.03,0.00,0,163000000,"[44,54,54,66,54,54,54,54,54,66,54,36]",2026-02-22,"Video, People also ask, Related searches, AI overview","commercial, informational",Organic
area code for texas usa,7,7,14800,30,0.00,https://www.ringcentral.com/area-code-512.html,355,0.03,0.00,0,343000000,"[2,0,100,81,67,67,36,0,3,29,54,54]",2026-02-21,"Image pack, Video, Image, Related searches, AI overview",informational,Organic
area code 213 location,2,2,14800,37,0.92,https://www.ringcentral.com/features/local-numbers/area-code-213.html,355,0.03,326.00,0,198000000,"[29,20,16,20,20,24,20,20,100,24,20,29]",2026-02-19,"Image pack, Sitelinks, Video, People also ask, Related searches, AI overview",informational,Organic
telephone code 407,3,3,14800,28,0.48,https://www.ringcentral.com/features/local-numbers/area-code-407.html,355,0.03,170.00,0,7380000,"[1,0,0,0,81,0,100,0,2,24,24,0]",2026-02-18,"Image pack, Video, Image, People also ask, Related searches, AI overview",informational,Organic
us area code los angeles,4,4,14800,39,0.00,https://www.ringcentral.com/features/local-numbers/area-code-213.html,355,0.03,0.00,0,205000000,"[2,0,100,81,100,67,36,0,3,29,54,54]",2026-02-15,"Sitelinks, Video, Featured snippet, People also ask, Related searches, Short videos",informational,Organic
area code 346,2,2,14800,33,0.51,https://www.ringcentral.com/features/local-numbers/area-code-346.html,355,0.03,181.00,0,109000000,"[66,66,66,66,54,66,66,54,81,44,54,44]",2026-02-19,"Image pack, Sitelinks, Video, People also ask, Related searches, AI overview",informational,Organic
enterprise meaning,5,5,14800,59,1.01,https://www.ringcentral.com/gb/en/blog/definitions/enterprise/,355,0.03,358.00,0,864000000,"[44,66,66,66,66,66,54,44,66,81,100,81]",2026-02-07,"Knowledge panel, Video, People also ask, Related searches",informational,Organic
caller center,4,4,14800,47,9.03,https://www.ringcentral.com/call-center.html,355,0.03,3205.00,0.28,4130000000,"[44,100,81,13,81,81,54,54,66,54,81,44]",2026-02-19,"Video, Ads bottom, People also ask, Related searches, AI overview",informational,Organic
213 area code in california,4,4,18100,35,0.92,https://www.ringcentral.com/features/local-numbers/area-code-213.html,343,0.02,315.00,0,20100000,"[1,0,0,0,100,100,0,0,3,100,16,0]",2026-02-18,"Image pack, Sitelinks, Video, People also ask, Related searches, AI overview",informational,Organic
area code 951,3,3,18100,22,0.00,https://www.ringcentral.com/features/local-numbers/area-code-951.html,343,0.02,0.00,0,57100000,"[100,66,54,66,54,54,54,81,81,66,54,44]",2026-02-21,"Image pack, Related searches, Things to know, AI overview",informational,Organic
401 telephone code,5,4,18100,18,0.00,https://www.ringcentral.com/features/local-numbers/area-code-401.html,343,0.02,0.00,0,13000000,"[1,0,100,36,81,36,29,0,0,20,24,36]",2026-02-23,"Image pack, Video, Image, People also ask, Related searches, AI overview",informational,Organic
510 area code,8,8,110000,37,0.00,https://www.ringcentral.com/features/local-numbers/area-code-510.html,330,0.02,0.00,0,107000000,"[100,66,66,81,66,66,66,81,81,66,66,66]",2026-02-18,"Image pack, Sitelinks, Video, Image, People also ask, Related searches, Things to know, AI overview",informational,Organic
area code los angeles usa,4,4,14800,36,0.00,https://www.ringcentral.com/features/local-numbers/area-code-213.html,325,0.02,0.00,0,247000000,"[2,0,100,81,100,67,36,0,3,29,54,54]",2026-02-15,"Video, People also ask, Related searches, Short videos, AI overview",informational,Organic
347 phone prefix,5,5,14800,30,2.14,https://www.ringcentral.com/features/local-numbers/area-code-347.html,325,0.02,695.00,0,2080000,"[0,0,81,81,100,54,36,0,54,44,54,67]",2026-02-22,"Video, Image, People also ask, Related searches, AI overview","commercial, informational",Organic
area code 512,3,3,14800,26,0.00,https://www.ringcentral.com/area-code-512.html,325,0.02,0.00,0,201000000,"[44,54,44,54,54,54,54,54,54,44,44,36]",2026-02-22,"Image pack, Sitelinks, Video, People also ask, Related searches, AI overview",informational,Organic
ringcentral admin,4,4,22200,40,13.23,https://support.ringcentral.com/myaccount.html,310,0.02,4101.00,0.02,961000,"[66,81,81,81,81,100,81,81,81,81,100,66]",2026-02-21,"Sitelinks, Video, People also ask, Related searches",navigational,Organic
service customer services,6,6,33100,58,4.23,https://www.ringcentral.com/us/en/blog/customer-service-vs-customer-support/,297,0.02,1256.00,0.1,10460000000,"[1,0,16,100,66,66,81,0,1,20,20,81]",2026-02-22,"Knowledge panel, Sitelinks, Video, Video Carousel, People also ask, Related searches",informational,Organic
spectrum business login,8,8,49500,40,3.25,https://enterprise-service.spectrumenterprise.ringcentral.com/,297,0.02,965.00,0.04,315000000,"[66,81,66,81,81,81,66,81,81,81,81,81]",2026-02-22,"Sitelinks, Related searches","navigational, transactional",Organic
ringcentral login,9,9,49500,50,0.06,https://developers.ringcentral.com/,297,0.02,17.00,0.07,2870000,"[66,66,66,81,81,81,81,81,66,66,81,66]",2026-02-22,"Sitelinks, Video, People also ask, Related searches","navigational, transactional",Organic
area code 425 washington,3,3,33100,30,3.17,https://www.ringcentral.com/features/local-numbers/area-code-425.html,297,0.02,941.00,0,9050000,"[81,81,81,81,81,30,30,0,0,16,20,0]",2026-02-18,"Video, People also ask, Related searches, Things to know, AI overview",informational,Organic
miami area code,4,6,12100,38,0.00,https://www.ringcentral.com/features/local-numbers/area-code-786-and-305.html,290,0.02,0.00,0,452000000,"[81,66,36,54,54,54,54,54,44,54,54,44]",2026-02-23,"Sitelinks, Video, People also ask, Related searches, AI overview",informational,Organic
telephone prefix 202,4,4,12100,38,2.98,https://www.ringcentral.com/features/local-numbers/area-code-202.html,290,0.02,864.00,0,433000,"[1,0,0,0,0,81,100,0,0,0,0,0]",2026-02-22,"Sitelinks, Video, People also ask, Related searches, AI overview","commercial, informational",Organic
phone prefix 702,4,4,12100,28,0.00,https://www.ringcentral.com/features/local-numbers/area-code-702.html,290,0.02,0.00,0,533000,"[1,0,20,100,0,0,0,0,1,20,20,0]",2026-02-18,"Video, People also ask, Related searches, AI overview",informational,Organic
telephone code 202,3,3,12100,36,2.98,https://www.ringcentral.com/features/local-numbers/area-code-202.html,290,0.02,864.00,0,76600000,"[1,0,0,0,0,81,100,0,0,0,0,0]",2026-02-21,"Sitelinks, Video, People also ask, Related searches, AI overview","commercial, informational",Organic
area code 281,3,3,12100,33,0.00,https://www.ringcentral.com/area-code-281.html,290,0.02,0.00,0,143000000,"[54,66,54,66,54,54,66,81,66,54,54,54]",2026-02-19,"Image pack, Video, People also ask, Related searches, AI overview",informational,Organic
916 telephone area code,4,4,12100,34,0.00,https://www.ringcentral.com/area-code-916.html,290,0.02,0.00,0,2110000,"[0,0,0,0,0,81,100,0,0,0,16,0]",2026-02-16,"Image pack, Video, Image, People also ask, Related searches, AI overview",informational,Organic
916 area code in california,4,4,12100,36,0.00,https://www.ringcentral.com/area-code-916.html,290,0.02,0.00,0,5000000,"[0,0,0,0,0,81,100,0,0,0,16,0]",2026-02-17,"Video, People also ask, Related searches, AI overview","commercial, informational",Organic
area code 703,3,3,12100,28,0.00,https://www.ringcentral.com/area-code-703.html,290,0.02,0.00,0,65900000,"[29,36,36,36,29,36,36,36,36,36,36,29]",2026-02-18,"Image pack, Sitelinks, Video, People also ask, Related searches, See results about, AI overview",informational,Organic
area code is 916,4,4,12100,35,0.00,https://www.ringcentral.com/area-code-916.html,290,0.02,0.00,0,43800000,"[0,0,0,0,0,81,100,0,0,0,16,0]",2026-02-18,"Video, People also ask, Related searches, AI overview",informational,Organic
202 telephone code,3,3,12100,39,2.98,https://www.ringcentral.com/features/local-numbers/area-code-202.html,290,0.02,864.00,0,22700000,"[0,0,0,0,0,81,100,0,0,0,0,0]",2026-02-17,"Video, Image, People also ask, Related searches, AI overview","commercial, informational",Organic
phone number for,7,7,22200,60,3.51,https://www.ringcentral.com/office/features/local-numbers/overview.html,288,0.02,1010.00,0.01,11580000000,"[54,54,54,54,54,54,54,54,54,24,36,29]",2026-02-20,"Image pack, Video, People also ask, Related searches",informational,Organic
202,6,6,40500,42,1.42,https://www.ringcentral.com/features/local-numbers/area-code-202.html,283,0.02,401.00,0.05,1350000000,"[54,81,66,36,44,36,44,54,44,44,66,81]",2026-02-21,"Image pack, Video, Image, Video Carousel, People also ask, AI overview",informational,Organic
area code of 401,6,6,14800,24,0.00,https://www.ringcentral.com/features/local-numbers/area-code-401.html,281,0.02,0.00,0,139000000,"[1,0,0,0,100,44,100,0,0,24,29,44]",2026-02-21,"Image, People also ask, Related searches, AI overview",informational,Organic
telephone area code 425,6,6,14800,17,3.17,https://www.ringcentral.com/features/local-numbers/area-code-425.html,281,0.02,890.00,0,5990000,"[0,0,66,100,0,0,0,0,1,0,16,24]",2026-02-19,"Image pack, Sitelinks, Video, People also ask, Related searches, AI overview","commercial, informational",Organic
ring central login,6,6,27100,39,0.06,https://support.ringcentral.com/ca/en/app/overview/desktop-web/logging-in-ringcentral-app.html,271,0.02,16.00,0.06,148000000,"[81,100,100,81,44,44,44,81,81,81,100,81]",2026-02-21,"Sitelinks, Video, People also ask, Related searches","navigational, transactional",Organic
732 area code,8,8,90500,20,0.00,https://www.ringcentral.com/features/local-numbers/area-code-732-848.html,271,0.02,0.00,0,59200000,"[67,82,82,82,82,82,82,100,100,100,82,67]",2026-02-21,"Image pack, People also ask, Related searches, Things to know, AI overview",informational,Organic
area code usa california,5,5,12100,66,0.00,https://www.ringcentral.com/features/local-numbers/area-code-424-and-310.html,266,0.02,0.00,0,788000000,"[0,0,0,0,100,81,81,0,3,29,54,54]",2026-02-16,"Video, People also ask, Related searches, AI overview",informational,Organic
330,4,4,12100,37,0.00,https://www.ringcentral.com/features/local-numbers/area-code-330.html,266,0.02,0.00,0.05,1290000000,"[36,66,66,66,66,81,100,100,44,81,81,81]",2026-02-22,"Video, Image, People also ask, AI overview",informational,Organic
404 area code,13,13,165000,30,1.93,https://www.ringcentral.com/area-code-404.html,247,0.02,476.00,0,123000000,"[81,100,81,100,100,100,100,100,100,100,100,81]",2026-02-17,"Image pack, Video, People also ask, Related searches, Things to know, AI overview",informational,Organic
561 area code,9,9,165000,26,1.50,https://www.ringcentral.com/features/local-numbers/area-code-561.html,247,0.02,370.00,0,77600000,"[66,81,81,81,81,81,100,100,100,100,100,81]",2026-02-17,"Image pack, Video, People also ask, Related searches, Things to know, AI overview",informational,Organic
area code 305,6,6,18100,37,0.00,https://www.ringcentral.com/features/local-numbers/area-code-786-and-305.html,235,0.02,0.00,0,168000000,"[54,54,44,44,54,54,54,54,67,67,54,54]",2026-02-22,"Image pack, Sitelinks, Video, People also ask, Related searches, AI overview",informational,Organic
area code 310,5,5,18100,32,0.00,https://www.ringcentral.com/features/local-numbers/area-code-424-and-310.html,235,0.02,0.00,0,163000000,"[54,67,54,54,54,54,54,54,54,54,44,36]",2026-02-16,"Image pack, Video, People also ask, Related searches, AI overview",informational,Organic
917 dial code,7,7,33100,48,0.00,https://www.ringcentral.com/features/local-numbers/area-code-917.html,231,0.02,0.00,0,1520000,"[0,0,5,100,66,81,100,0,2,24,20,100]",2026-02-19,"Image pack, Video, Image, People also ask, Related searches, AI overview",informational,Organic
ringcentral admin,6,6,22200,40,13.23,https://billing-portal.ringcentral.com/,222,0.01,2937.00,0.02,961000,"[66,81,81,81,81,100,81,81,81,81,100,66]",2026-02-21,"Sitelinks, Video, People also ask, Related searches",navigational,Organic
ring central login,7,7,27100,39,0.06,https://events.ringcentral.com/sign_in,216,0.01,12.00,0.06,148000000,"[81,100,100,81,44,44,44,81,81,81,100,81]",2026-02-21,"Sitelinks, Video, People also ask, Related searches","navigational, transactional",Organic
phone number,15,15,135000,71,2.80,https://www.ringcentral.com/business-phone-numbers.html,202,0.01,565.00,0.06,6630000000,"[44,44,44,44,44,44,44,44,36,36,36,30]",2026-02-16,"Image pack, Video, People also ask, Related searches, Things to know",informational,Organic
usa area code los angeles,6,6,14800,40,0.00,https://www.ringcentral.com/features/local-numbers/area-code-213.html,192,0.01,0.00,0,177000000,"[2,0,100,81,100,67,36,0,3,29,54,54]",2026-02-19,"Video, People also ask, Related searches, Short videos, AI overview",informational,Organic
ringcentral admin,7,7,22200,40,13.23,https://support.ringcentral.com/sg/en/video/admin.html,177,0.01,2341.00,0.02,961000,"[66,81,81,81,81,100,81,81,81,81,100,66]",2026-02-21,"Sitelinks, Video, People also ask, Related searches",navigational,Organic
323 prefix phone,10,10,33100,31,0.67,https://www.ringcentral.com/features/local-numbers/area-code-323.html,165,0.01,110.00,0,2510000,"[1,0,16,100,66,66,81,0,1,24,20,100]",2026-02-21,"Video, People also ask, Related searches, AI overview","commercial, informational",Organic
ring central login,8,8,27100,39,0.06,https://login.ringcentral.com/?resetType=email&brandId=1210&localeId=en_US&display=touch&clientId=KI38mp4Ns033cEC681b94677b9B3AD0bbeFC2Ab1E&appUrlScheme=zoomrc%3A%2F%2Fopen&ui_options=external_popup%20hide_tos%20hide_remember_me%20show_back_to_app%20hide_consent&responseType=code&prompt=login%20sso&setupPassword=false,162,0.01,9.00,0.06,148000000,"[81,100,100,81,44,44,44,81,81,81,100,81]",2026-02-21,"Sitelinks, Video, People also ask, Related searches","navigational, transactional",Organic
area code for ny city,8,8,18100,33,0.00,https://www.ringcentral.com/features/local-numbers/area-code-917.html,162,0.01,0.00,0,874000000,"[2,0,100,66,81,44,29,0,3,36,54,66]",2026-02-22,"Sitelinks, Video, People also ask, Related searches, Short videos, AI overview",informational,Organic
area code 469,2,2,18100,28,0.00,https://www.ringcentral.com/features/local-numbers/area-code-469.html,162,0.01,0.00,0,80500000,"[36,44,36,36,44,44,36,44,36,36,44,36]",2026-02-23,"Image pack, Video, People also ask, Related searches, Things to know, AI overview",informational,Organic
area code for usa california,6,6,12100,70,0.00,https://www.ringcentral.com/features/local-numbers/area-code-213.html,157,0.01,0.00,0,348000000,"[2,0,100,81,100,67,24,0,1,29,54,0]",2026-02-18,"Image pack, Video, People also ask, Related searches, AI overview",informational,Organic
area code 919,6,6,12100,15,0.00,https://www.ringcentral.com/features/local-numbers/area-code-919-and-984.html,157,0.01,0.00,0,53600000,"[36,44,36,44,36,44,36,44,36,36,29,19]",2026-02-22,"Image pack, Video, People also ask, Related searches, See results about, AI overview",informational,Organic
848 area code,11,11,49500,19,0.63,https://www.ringcentral.com/features/local-numbers/area-code-732-848.html,148,0.01,93.00,0,40000000,"[24,36,36,30,30,30,30,55,100,100,45,45]",2026-02-17,"Image pack, People also ask, Related searches, See results about, AI overview",informational,Organic
jitter,10,10,27100,58,1.72,https://www.ringcentral.com/us/en/blog/what-is-jitter/,135,0.01,232.00,0.01,10400000,"[36,36,54,44,44,36,36,24,44,44,54,54]",2026-02-18,"Knowledge panel, Sitelinks, Video, People also ask, Related searches, AI overview",informational,Organic
ringcentral admin,9,9,22200,40,13.23,https://ringcx.ringcentral.com/,133,0.01,1759.00,0.02,961000,"[66,81,81,81,81,100,81,81,81,81,100,66]",2026-02-21,"Sitelinks, Video, People also ask, Related searches",navigational,Organic
area code 302,3,12,14800,26,0.00,https://www.ringcentral.com/area-code-302.html,133,0.01,0.00,0,154000000,"[54,66,54,66,66,66,54,66,66,66,66,44]",2026-02-23,"Image pack, Video, Image, People also ask, Related searches, Things to know, AI overview",informational,Organic
area code of los angeles usa,7,7,14800,43,0.00,https://www.ringcentral.com/features/local-numbers/area-code-213.html,133,0.01,0.00,0,234000000,"[2,0,100,81,100,67,36,0,3,29,54,54]",2026-02-19,"Video, People also ask, Related searches, Short videos, AI overview",informational,Organic
area code in usa california,7,7,14800,70,0.00,https://www.ringcentral.com/features/local-numbers/area-code-424-and-310.html,133,0.01,0.00,0,793000000,"[2,0,100,81,100,67,24,0,3,29,54,54]",2026-02-16,"Image pack, Video, People also ask, Related searches, See results about, AI overview",informational,Organic
area code for los angeles usa,8,8,14800,38,0.00,https://www.ringcentral.com/features/local-numbers/area-code-323.html,133,0.01,0.00,0,1150000000,"[2,0,100,81,100,67,36,0,3,29,54,54]",2026-02-21,"Sitelinks, Video, People also ask, Related searches, Short videos, AI overview",informational,Organic
call center,4,4,18100,54,9.03,https://www.ringcentral.com/call-center.html,126,0.01,1137.00,0.28,6210000000,"[13,20,13,29,20,16,20,16,29,16,20,13]",2026-02-22,"Knowledge panel, Sitelinks, Video, Image, People also ask, Related searches, Things to know, AI overview",informational,Organic
ringcentral download,2,2,12100,45,4.55,https://www.ringcentral.com/,121,0.01,550.00,0.02,1310000,"[81,100,66,66,66,66,81,66,81,66,81,54]",2026-02-17,"Sitelinks, Video, People also ask, Related searches, See results about",navigational,Organic
area code 646,16,16,40500,24,0.56,https://www.ringcentral.com/features/local-numbers/area-code-646.html,121,0.01,67.00,0,63300000,"[66,66,66,66,81,81,81,81,81,81,81,66]",2026-02-18,"Image pack, Video, Related searches, AI overview",informational,Organic
area code 202,3,3,22200,37,2.98,https://www.ringcentral.com/features/local-numbers/area-code-202.html,111,0,330.00,0,565000000,"[36,44,44,66,36,54,44,54,44,54,54,36]",2026-02-13,"Image pack, Sitelinks, Video, People also ask, Related searches, Things to know, AI overview",informational,Organic
956 area code,12,12,74000,35,0.00,https://www.ringcentral.com/features/local-numbers/area-code-956.html,111,0,0.00,0,32400000,"[81,100,67,54,54,54,54,44,44,54,67,44]",2026-02-15,"Image pack, People also ask, Related searches, Things to know, AI overview",informational,Organic
efficiency efficiently,5,4,22200,45,0.00,https://www.ringcentral.com/us/en/blog/efficiency-vs-effectiveness/,111,0,0.00,0,341000000,"[1,0,20,100,66,81,100,0,0,0,0,0]",2026-02-23,"Knowledge panel, Sitelinks, Video, Video Carousel, People also ask, Related searches, Things to know, AI overview",informational,Organic
conversational ai,5,5,22200,65,5.23,https://www.ringcentral.com/us/en/blog/conversational-ai-conversation-intelligence/,111,0,580.00,0,1190000000,"[4,7,1,3,3,4,4,100,8,6,7,10]",2026-02-17,"Video, Ads bottom, Video Carousel, Related searches, Things to know, Ads middle, AI overview",informational,Organic
323,7,7,12100,39,0.81,https://www.ringcentral.com/features/local-numbers/area-code-323.html,108,0,87.00,0.01,591000000,"[44,66,66,54,66,66,66,81,100,81,81,66]",2026-02-23,"Image pack, Video, Image, People also ask, AI overview",informational,Organic
area code 818,6,6,12100,33,0.00,https://www.ringcentral.com/area-code-818.html,108,0,0.00,0,53800000,"[44,54,44,44,44,44,44,54,44,54,66,44]",2026-02-22,"Image pack, Sitelinks, Video, People also ask, Related searches, AI overview",informational,Organic
area code 401 prefix,8,8,12100,17,0.00,https://www.ringcentral.com/features/local-numbers/area-code-401.html,108,0,0.00,0,478000,"[0,0,0,0,100,44,36,0,3,24,29,44]",2026-02-16,"Video, People also ask, Related searches, AI overview",informational,Organic
area code 425,3,3,12100,23,3.17,https://www.ringcentral.com/features/local-numbers/area-code-425.html,108,0,342.00,0,115000000,"[20,29,24,24,24,24,20,20,16,24,16,20]",2026-02-19,"Image pack, People also ask, Related searches, Things to know, AI overview",informational,Organic
area code 805,3,3,14800,29,0.00,https://www.ringcentral.com/features/local-numbers/area-code-805.html,103,0,0.00,0,57900000,"[67,54,44,54,44,54,44,44,44,44,44,29]",2026-02-17,"Image pack, Video, People also ask, Related searches, Things to know, AI overview",informational,Organic
area code for california los angeles,7,7,14800,35,0.00,https://www.ringcentral.com/features/local-numbers/area-code-213.html,103,0,0.00,0,569000000,"[0,2,100,81,100,81,36,0,3,29,54,54]",2026-02-22,"Image pack, Video, People also ask, Related searches, AI overview",informational,Organic
voip phone service,3,3,14800,66,18.66,https://www.ringcentral.com/office/features/voip/overview.html,103,0,1921.00,0.43,70700000,"[29,44,29,44,29,24,81,36,36,36,81,29]",2026-02-23,"Sitelinks, Video, Ads bottom, People also ask, Related searches, Things to know, Ads middle, AI overview",informational,Organic
area code 315,8,8,14800,25,0.00,https://www.ringcentral.com/features/local-numbers/area-code-315.html,103,0,0.00,0,162000000,"[44,44,44,67,54,54,44,54,44,44,44,36]",2026-02-22,"Image pack, Sitelinks, Video, Image, People also ask, Related searches, AI overview",informational,Organic
ringcentral download,3,3,12100,45,4.55,https://support.ringcentral.com/article-v2/Downloading-and-installing-the-RingCentral-app.html?brand=RingCentral&product=RingEX&language=en_US,96,0,436.00,0.02,1310000,"[81,100,66,66,66,66,81,66,81,66,81,54]",2026-02-17,"Sitelinks, Video, People also ask, Related searches, See results about",navigational,Organic
where's area code 702,2,2,12100,33,0.00,https://www.ringcentral.com/features/local-numbers/area-code-702.html,96,0,0.00,0,19200000,"[1,0,29,0,100,100,0,0,0,0,0,0]",2026-02-18,"Video, People also ask, Related searches, AI overview",informational,Organic
857 area code,14,14,60500,34,0.00,https://www.ringcentral.com/features/local-numbers/area-code-617-and-857.html,90,0,0.00,0,44700000,"[67,82,55,55,45,36,45,45,45,55,55,45]",2026-02-21,"Image pack, Video, People also ask, Related searches, See results about, AI overview",informational,Organic
area code 949,4,4,18100,26,0.84,https://www.ringcentral.com/features/local-numbers/area-code-949.html,90,0,75.00,0,42500000,"[66,100,66,66,66,66,81,66,66,66,36,54]",2026-02-22,"Image pack, People also ask, Related searches, Things to know, AI overview",informational,Organic
347,5,5,12100,43,1.11,https://www.ringcentral.com/features/local-numbers/area-code-347.html,84,0,93.00,0.01,601000000,"[54,81,66,81,81,81,81,100,66,66,66,66]",2026-02-17,"Video, Image, Video Carousel, People also ask, AI overview",informational,Organic
code regional 202,4,4,12100,25,2.98,https://www.ringcentral.com/features/local-numbers/area-code-202.html,84,0,250.00,0,156000000,"[1,0,0,0,0,81,100,0,0,0,0,0]",2026-02-17,"Video, Image, Video Carousel, People also ask, Related searches, Things to know, AI overview","commercial, informational",Organic
area code 206 washington state,4,4,12100,27,0.00,https://www.ringcentral.com/features/local-numbers/area-code-206.html,84,0,0.00,0,59900000,"[0,0,0,0,0,81,100,0,0,0,24,0]",2026-02-21,"Sitelinks, Video, People also ask, Related searches, Things to know, AI overview",informational,Organic
617 area code,19,19,110000,32,2.10,https://www.ringcentral.com/features/local-numbers/area-code-617-and-857.html,77,0,161.00,0,70700000,"[54,66,54,66,54,66,66,66,66,66,66,54]",2026-02-18,"Image pack, Sitelinks, Video, People also ask, Related searches, Short videos, Things to know, AI overview",informational,Organic
dsl meaning,4,4,14800,45,0.00,https://www.ringcentral.com/gb/en/blog/definitions/what-is-dsl/,74,0,0.00,0,25700000,"[24,20,24,44,29,29,24,29,29,29,24,24]",2026-02-18,"Image pack, Video, Video Carousel, People also ask, Related searches, Short videos, AI overview",informational,Organic
fax,12,12,49500,87,3.98,https://www.ringcentral.com/fax-software.html,74,0,294.00,0.44,648000000,"[66,81,66,81,66,81,66,66,66,66,66,66]",2026-02-17,"Video, Image, People also ask, Related searches, See results about, Things to know, AI overview",commercial,Organic
call voicemail,9,9,18100,44,1.18,https://www.ringcentral.com/gb/en/blog/ringcentral-answers/how-to-listen-to-check-your-voicemail-quick-easy-steps/,72,0,84.00,0.01,24100000,"[9,9,11,13,13,11,11,11,11,9,7,6]",2026-02-22,"Sitelinks, Video, Video Carousel, People also ask, Related searches, AI overview",informational,Organic
area code 561,8,8,22200,31,0.00,https://www.ringcentral.com/features/local-numbers/area-code-561.html,66,0,0.00,0,71900000,"[54,67,67,67,54,67,67,67,81,67,67,54]",2026-02-22,"Image pack, Video, People also ask, Related searches, Things to know, AI overview",informational,Organic
free phone number,14,14,22200,67,1.45,https://www.ringcentral.com/how-can-i-get-a-free-business-phone-number.html,66,0,95.00,0.52,5650000000,"[54,54,54,54,54,54,54,54,54,54,54,54]",2026-02-22,"Sitelinks, Video, People also ask, Related searches",commercial,Organic
area code 206,8,8,22200,36,0.00,https://www.ringcentral.com/features/local-numbers/area-code-206.html,66,0,0.00,0,297000000,"[81,81,54,67,67,54,67,67,67,67,54,44]",2026-02-22,"Image pack, Video, People also ask, Related searches, Things to know, AI overview",informational,Organic
305,9,9,22200,52,1.41,https://www.ringcentral.com/features/local-numbers/area-code-786-and-305.html,66,0,93.00,0.05,816000000,"[54,66,66,54,44,54,66,36,44,44,66,66]",2026-02-19,"Image pack, Video, Image, Video Carousel, People also ask, AI overview",informational,Organic
area code 916,5,5,12100,35,0.00,https://www.ringcentral.com/area-code-916.html,60,0,0.00,0,44500000,"[54,54,81,66,54,54,44,54,44,54,44,44]",2026-02-17,"Image pack, Video, People also ask, Related searches, Things to know, AI overview",informational,Organic
area code 407,7,7,18100,34,0.00,https://www.ringcentral.com/features/local-numbers/area-code-407.html,54,0,0.00,0,153000000,"[54,67,54,67,67,67,67,54,67,54,44,44]",2026-02-21,"Image pack, Video, People also ask, Related searches, Things to know, AI overview",informational,Organic
online fax services,12,12,18100,70,7.46,https://www.ringcentral.com/fax/features/how-it-works.html,54,0,402.00,0.09,405000000,"[16,44,36,66,54,54,100,54,36,81,81,100]",2026-02-17,"Sitelinks, Video, People also ask, Related searches, AI overview","commercial, informational",Organic
area code 702,10,10,18100,27,0.00,https://www.ringcentral.com/features/local-numbers/area-code-702.html,54,0,0.00,0,63700000,"[67,44,44,44,36,54,54,54,54,54,54,44]",2026-02-17,"Video, People also ask, Related searches, Things to know, AI overview",informational,Organic
area code for usa new york,16,16,33100,47,0.00,https://www.ringcentral.com/features/local-numbers/area-code-917.html,49,0,0.00,0,902000000,"[100,81,81,81,66,66,66,66,66,66,66,66]",2026-02-21,"Image pack, Sitelinks, Video, People also ask, Related searches, AI overview",informational,Organic
925,8,8,12100,29,0.17,https://www.ringcentral.com/features/local-numbers/area-code-925.html,48,0,8.00,0.08,376000000,"[66,66,66,81,100,81,81,100,81,81,66,100]",2026-02-15,"Image pack, Sitelinks, Video, Image, Video Carousel, People also ask, AI overview",informational,Organic
virtual phone number,7,7,12100,55,7.36,https://www.ringcentral.com/how-does-virtual-phone-number-work.html,48,0,353.00,0.5,1420000000,"[29,20,20,20,20,16,16,20,24,44,54,16]",2026-02-20,"Sitelinks, Video, Ads top, People also ask, Related searches, Things to know, Ads middle",commercial,Organic
area code for texas usa,17,17,14800,30,0.00,https://www.ringcentral.com/area-code-512.html,44,0,0.00,0,343000000,"[2,0,100,81,67,67,36,0,3,29,54,54]",2026-02-21,"Image pack, Video, Image, Related searches, AI overview",informational,Organic
caller center,13,13,14800,47,9.03,https://www.ringcentral.com/call-center.html,44,0,397.00,0.28,4130000000,"[44,100,81,13,81,81,54,54,66,54,81,44]",2026-02-19,"Video, Ads bottom, People also ask, Related searches, AI overview",informational,Organic
ring login,14,14,40500,66,1.70,https://support.ringcentral.com/login.html,40,0,68.00,0,802000000,"[54,54,54,66,66,54,66,81,66,66,100,81]",2026-02-21,"Image pack, Video, Related searches","navigational, transactional",Organic
800,15,15,27100,36,6.62,https://www.ringcentral.com/office/features/toll-free-numbers/overview.html,40,0,264.00,0.05,3060000000,"[66,66,44,54,100,81,81,66,81,81,54,81]",2026-02-21,"Sitelinks, Video, Image, Video Carousel, People also ask, AI overview",informational,Organic
jitter,15,15,27100,58,1.72,https://www.ringcentral.com/us/en/blog/what-is-jitter/,40,0,68.00,0.01,10400000,"[36,36,54,44,44,36,36,24,44,44,54,54]",2026-02-18,"Knowledge panel, Sitelinks, Video, People also ask, Related searches, AI overview",informational,Organic
nato phonetic alphabet,14,14,27100,70,0.12,https://www.ringcentral.com/gb/en/blog/phonetic-alphabet-nato-improves-customer-service/,40,0,4.00,0.61,1210000,"[24,30,24,24,24,16,24,24,20,20,55,24]",2026-02-17,"Sitelinks, Video, Image, People also ask, Related searches, Things to know, AI overview",informational,Organic
phone prefix 702,14,14,12100,28,0.00,https://www.ringcentral.com/features/local-numbers/area-code-702.html,36,0,0.00,0,533000,"[1,0,20,100,0,0,0,0,1,20,20,0]",2026-02-18,"Video, People also ask, Related searches, AI overview",informational,Organic
925,9,9,12100,29,0.17,https://www.ringcentral.com/features/local-numbers/area-code-925.html,36,0,6.00,0.08,376000000,"[66,66,66,81,100,81,81,100,81,81,66,100]",2026-02-15,"Image pack, Sitelinks, Video, Image, Video Carousel, People also ask, AI overview",informational,Organic
347,9,9,12100,43,1.11,https://www.ringcentral.com/features/local-numbers/area-code-347.html,36,0,39.00,0.01,601000000,"[54,81,66,81,81,81,81,100,66,66,66,66]",2026-02-17,"Video, Image, Video Carousel, People also ask, AI overview",informational,Organic
phone code of los angeles,7,7,12100,35,0.00,https://www.ringcentral.com/features/local-numbers/area-code-323.html,36,0,0.00,0,755000000,"[2,0,0,81,100,67,36,0,3,29,54,54]",2026-02-18,"Image pack, Video, People also ask, Related searches, Short videos, AI overview",informational,Organic
voip phone,8,8,22200,53,9.46,https://www.ringcentral.com/what-is-a-voip-phone.html,33,0,312.00,0.55,1120000000,"[24,29,29,36,44,36,44,44,44,54,44,36]",2026-02-21,"Sitelinks, Video, Image, Ads top, Ads bottom, Video Carousel, People also ask, Popular products, Related searches, Things to know, AI overview",commercial,Organic
area code 561,12,12,22200,31,0.00,https://www.ringcentral.com/features/local-numbers/area-code-561.html,33,0,0.00,0,71900000,"[54,67,67,67,54,67,67,67,81,67,67,54]",2026-02-22,"Image pack, Video, People also ask, Related searches, Things to know, AI overview",informational,Organic
area code 917,14,14,22200,35,0.00,https://www.ringcentral.com/features/local-numbers/area-code-917.html,33,0,0.00,0,43200000,"[67,81,100,81,81,67,67,67,81,67,67,54]",2026-02-16,"Image pack, Sitelinks, Video, Image, People also ask, Related searches, Things to know, AI overview",informational,Organic
ringcentral download,7,7,12100,45,4.55,https://www.ringcentral.com/apps/linux-phone,31,0,141.00,0.02,1310000,"[81,100,66,66,66,66,81,66,81,66,81,54]",2026-02-17,"Sitelinks, Video, People also ask, Related searches, See results about",navigational,Organic
ringcentral login,13,13,49500,50,0.06,https://support.ringcentral.com/myaccount.html,29,0,1.00,0.07,2870000,"[66,66,66,81,81,81,81,81,66,66,81,66]",2026-02-22,"Sitelinks, Video, People also ask, Related searches","navigational, transactional",Organic
ring central login,10,10,27100,39,0.06,https://dca11.ringcx.ringcentral.com/,27,0,1.00,0.06,148000000,"[81,100,100,81,44,44,44,81,81,81,100,81]",2026-02-21,"Sitelinks, Video, People also ask, Related searches","navigational, transactional",Organic
area number new york,15,15,18100,40,0.00,https://www.ringcentral.com/features/local-numbers/area-code-917.html,27,0,0.00,0,2530000000,"[2,0,100,66,81,44,29,0,3,36,54,66]",2026-02-22,"Sitelinks, Video, People also ask, Related searches, Short videos, AI overview",informational,Organic
la area code,13,13,18100,38,0.00,https://www.ringcentral.com/features/local-numbers/area-code-213.html,27,0,0.00,0,2250000000,"[100,81,44,36,36,36,36,54,44,54,54,29]",2026-02-22,"Image pack, Sitelinks, Video, Video Carousel, People also ask, Related searches, AI overview",informational,Organic
315,15,15,18100,43,1.20,https://www.ringcentral.com/features/local-numbers/area-code-315.html,27,0,32.00,0.03,895000000,"[54,54,66,66,66,81,66,81,44,36,66,66]",2026-02-18,"Knowledge panel, Image pack, Video, Image, People also ask, AI overview",informational,Organic
houston area code,20,0,18100,31,0.00,https://www.ringcentral.com/features/local-numbers/area-code-346.html,27,0,0.00,0,475000000,"[81,100,54,81,54,54,54,66,66,54,54,29]",2026-02-23,"Image pack, Sitelinks, Video, People also ask, Related searches, AI overview",informational,Organic
voip,15,15,33100,84,13.24,https://www.ringcentral.com/office/features/voip/overview.html,23,0,304.00,0.51,72400000,"[44,54,54,54,54,44,54,44,30,44,44,44]",2026-02-17,"Knowledge panel, Video, Video Carousel, People also ask, Related searches, See results about, Things to know, AI overview",informational,Organic
area code of texas usa,17,0,14800,39,0.00,https://www.ringcentral.com/area-code-512.html,22,0,0.00,0,736000000,"[16,0,100,81,67,67,36,0,3,29,54,54]",2026-02-23,"Image pack, People also ask, Related searches, AI overview",informational,Organic
ringcentral admin,10,10,22200,40,13.23,https://support.ringcentral.com/login.html,22,0,291.00,0.02,961000,"[66,81,81,81,81,100,81,81,81,81,100,66]",2026-02-21,"Sitelinks, Video, People also ask, Related searches",navigational,Organic
ringcentral admin,11,11,22200,40,13.23,https://support.ringcentral.com/article-v2/Super-Admins-and-Phone-System-Admins-Home-Page.html?brand=RC_US&product=RingEX&language=en_US,22,0,291.00,0.02,961000,"[66,81,81,81,81,100,81,81,81,81,100,66]",2026-02-21,"Sitelinks, Video, People also ask, Related searches",navigational,Organic
phone area 206,15,15,14800,31,0.00,https://www.ringcentral.com/features/local-numbers/area-code-206.html,22,0,0.00,0,74100000,"[0,0,16,100,0,0,0,0,1,16,16,0]",2026-02-17,"Video, People also ask, Related searches, AI overview","commercial, informational",Organic
area code in texas usa,16,16,14800,41,0.00,https://www.ringcentral.com/area-code-512.html,22,0,0.00,0,311000000,"[2,0,100,81,67,67,36,0,3,29,54,54]",2026-02-21,"Image pack, People also ask, Related searches, See results about, AI overview",informational,Organic
dallas area code,19,19,14800,34,0.00,https://www.ringcentral.com/features/local-numbers/area-code-469.html,22,0,0.00,0,500000000,"[81,66,54,66,44,44,54,66,54,44,44,36]",2026-02-21,"Sitelinks, Video, Related searches, AI overview",informational,Organic
512,16,16,14800,37,1.31,https://www.ringcentral.com/area-code-512.html,22,0,28.00,0.01,1070000000,"[54,44,54,54,66,54,66,54,54,66,66,44]",2026-02-21,"Image pack, Sitelinks, Video, Image, People also ask, AI overview",informational,Organic
california usa area code,14,14,14800,63,0.00,https://www.ringcentral.com/features/local-numbers/area-code-213.html,22,0,0.00,0,1110000000,"[0,0,100,81,100,67,24,0,3,29,36,54]",2026-02-22,"Image pack, Video, Image, People also ask, Related searches, See results about, AI overview",informational,Organic
area code 510,12,12,14800,34,0.00,https://www.ringcentral.com/features/local-numbers/area-code-510.html,22,0,0.00,0,159000000,"[54,36,36,44,36,36,36,44,44,44,36,36]",2026-02-21,"Image pack, Sitelinks, Video, People also ask, Related searches, Things to know, AI overview",informational,Organic
asynchronous definition,19,19,14800,63,0.03,https://www.ringcentral.com/gb/en/blog/definitions/asynchronous-communication/,22,0,0.00,0.01,44000000,"[29,54,36,36,29,36,29,19,67,44,54,67]",2026-02-18,"Knowledge panel, Video, People also ask, Related searches, Short videos",informational,Organic
how to block a number on a,16,16,14800,52,0.31,https://www.ringcentral.com/us/en/blog/advanced-call-and-fax-blocking/,22,0,6.00,0.05,2690000000,"[54,16,1,81,100,67,24,0,3,29,54,54]",2026-02-21,"Sitelinks, Video, Video Carousel, People also ask, Related searches, Discussions and forums, AI overview",informational,Organic
kpi definition,19,19,14800,98,0.21,https://www.ringcentral.com/gb/en/blog/definitions/kpi-key-performance-indicators/,22,0,4.00,0.02,117000000,"[66,36,24,20,24,24,16,16,10,100,54,36]",2026-02-18,"Instant answer, Sitelinks, Video, People also ask, Related searches, AI overview",informational,Organic
houston code area,17,17,14800,31,0.00,https://www.ringcentral.com/features/local-numbers/area-code-346.html,22,0,0.00,0,130000000,"[2,0,100,100,81,81,44,36,4,36,66,66]",2026-02-17,"Sitelinks, Video, Image, People also ask, Related searches, AI overview",informational,Organic
california area codes,16,16,12100,45,0.00,https://www.ringcentral.com/features/local-numbers/area-code-424-and-310.html,18,0,0.00,0,250000000,"[66,100,54,66,54,44,54,66,66,54,44,44]",2026-02-19,"Image pack, Video, Image, People also ask, Related searches, AI overview",informational,Organic
us new york area code,16,16,12100,40,0.00,https://www.ringcentral.com/features/local-numbers/area-code-917.html,18,0,0.00,0,1920000000,"[13,0,0,0,100,54,81,0,3,44,67,81]",2026-02-21,"Image pack, Sitelinks, Video, People also ask, Related searches, Short videos, AI overview",informational,Organic
efax,20,20,60500,46,7.93,https://www.ringcentral.com/us/en/blog/what-is-efax/,18,0,142.00,0.61,504000,"[81,100,81,100,100,100,100,100,100,81,81,66]",2026-02-17,"Sitelinks, Video, Ads top, Video Carousel, People also ask, Related searches, See results about, Ads middle","commercial, navigational",Organic
area codes of la,12,12,12100,33,0.00,https://www.ringcentral.com/features/local-numbers/area-code-424-and-310.html,18,0,0.00,0,242000000,"[2,0,100,81,100,0,0,0,3,29,54,54]",2026-02-18,"Image pack, Sitelinks, Video, Image, Video Carousel, People also ask, Related searches, Short videos, AI overview",informational,Organic
washington 206 area code,19,19,12100,38,0.00,https://www.ringcentral.com/features/local-numbers/area-code-206.html,18,0,0.00,0,18000000,"[0,0,0,0,0,81,100,0,0,0,24,0]",2026-02-17,"Video, Featured snippet, People also ask, Related searches, Short videos",informational,Organic
washington 206 area code,20,20,12100,38,0.00,https://www.ringcentral.com/features/local-numbers/area-code-206.html,18,0,0.00,0,18000000,"[0,0,0,0,0,81,100,0,0,0,24,0]",2026-02-17,"Video, Featured snippet, People also ask, Related searches, Short videos",informational,Organic
how to record a phone call,9,9,12100,52,0.96,https://www.ringcentral.com/us/en/blog/how-to-record-a-phone-call/,18,0,17.00,0.48,2730000000,"[44,44,44,81,66,66,54,44,44,54,54,36]",2026-02-21,"Sitelinks, Video, Video Carousel, People also ask, Related searches, Discussions and forums, AI overview",informational,Organic
rhode island area code 401,15,15,12100,26,0.00,https://www.ringcentral.com/features/local-numbers/area-code-401.html,18,0,0.00,0,3330000,"[0,0,0,0,100,44,36,0,3,24,29,44]",2026-02-21,"Video, People also ask, Related searches, Things to know, AI overview",informational,Organic
857 area code massachusetts,15,15,12100,31,0.00,https://www.ringcentral.com/features/local-numbers/area-code-617-and-857.html,18,0,0.00,0,663000,"[1,0,0,0,100,66,44,0,4,44,29,54]",2026-02-16,"People also ask, Related searches, See results about, AI overview",informational,Organic
area codes of las vegas,20,20,12100,18,0.00,https://www.ringcentral.com/features/local-numbers/area-code-702.html,18,0,0.00,0,15800000,"[100,100,81,100,81,66,66,0,7,44,66,54]",2026-02-18,"Image pack, Video, Image, People also ask, Related searches, AI overview",informational,Organic
ringcentral admin,12,12,22200,40,13.23,https://support.ringcentral.com/get-started/admin.html,17,0,224.00,0.02,961000,"[66,81,81,81,81,100,81,81,81,81,100,66]",2026-02-21,"Sitelinks, Video, People also ask, Related searches",navigational,Organic
ring central login,13,13,27100,39,0.06,https://analytics.ringcentral.com/,16,0,0.00,0.06,148000000,"[81,100,100,81,44,44,44,81,81,81,100,81]",2026-02-21,"Sitelinks, Video, People also ask, Related searches","navigational, transactional",Organic
ring central login,15,15,27100,39,0.06,https://support.ringcentral.com/article-v2/Signing-in-to-RingCentral.html?brand=RingCentral&product=RingEX&language=en_US&pills-nav=admin_portal,16,0,0.00,0.06,148000000,"[81,100,100,81,44,44,44,81,81,81,100,81]",2026-02-21,"Sitelinks, Video, People also ask, Related searches","navigational, transactional",Organic
ringcentral login,16,16,49500,50,0.06,https://support.ringcentral.com/ca/en/app/overview/desktop-web/logging-in-ringcentral-app.html,14,0,0.00,0.07,2870000,"[66,66,66,81,81,81,81,81,66,66,81,66]",2026-02-22,"Sitelinks, Video, People also ask, Related searches","navigational, transactional",Organic
ringcentral admin,14,14,22200,40,13.23,https://support.ringcentral.com/video/tutorials.html,13,0,171.00,0.02,961000,"[66,81,81,81,81,100,81,81,81,81,100,66]",2026-02-21,"Sitelinks, Video, People also ask, Related searches",navigational,Organic
us area code los angeles,20,20,14800,39,0.00,https://www.ringcentral.com/features/local-numbers/area-code-323.html,10,0,0.00,0,205000000,"[2,0,100,81,100,67,36,0,3,29,54,54]",2026-02-15,"Sitelinks, Video, Featured snippet, People also ask, Related searches, Short videos",informational,Organic
how to block a number on a,20,20,14800,52,0.31,https://www.ringcentral.com/us/en/blog/advanced-call-and-fax-blocking/,10,0,3.00,0.05,2690000000,"[54,16,1,81,100,67,24,0,3,29,54,54]",2026-02-21,"Sitelinks, Video, Video Carousel, People also ask, Related searches, Discussions and forums, AI overview",informational,Organic
ring central login,16,16,27100,39,0.06,https://enterprise-service.spectrumbusiness.ringcentral.com/,8,0,0.00,0.06,148000000,"[81,100,100,81,44,44,44,81,81,81,100,81]",2026-02-21,"Sitelinks, Video, People also ask, Related searches","navigational, transactional",Organic
ring customer service,17,17,14800,50,0.00,https://www.ringcentral.com/,8,0,0.00,0,670000000,"[24,29,20,29,29,29,29,29,29,44,54,44]",2026-02-22,"Instant answer, Sitelinks, Related searches",navigational,Organic
enterprises,16,16,12100,67,1.49,https://www.ringcentral.com/gb/en/blog/definitions/enterprise/,8,0,11.00,0.46,1200000000,"[44,66,36,44,66,36,36,44,29,36,66,44]",2026-02-23,"Instant answer, Local pack, Image pack, Sitelinks, Video, People also ask, Related searches, Things to know, AI overview",informational,Organic
ringcentral download,12,12,12100,45,4.55,https://www.ringcentral.com/apps/,7,0,31.00,0.02,1310000,"[81,100,66,66,66,66,81,66,81,66,81,54]",2026-02-17,"Sitelinks, Video, People also ask, Related searches, See results about",navigational,Organic
ringcentral admin,16,16,22200,40,13.23,https://go.ringcentral.com/RingCentral-Admin-Overview_Watch-Now.html,6,0,79.00,0.02,961000,"[66,81,81,81,81,100,81,81,81,81,100,66]",2026-02-21,"Sitelinks, Video, People also ask, Related searches",navigational,Organic
ringcentral admin,18,18,22200,40,13.23,https://support.ringcentral.com/au/en/ringex/admin.html,6,0,79.00,0.02,961000,"[66,81,81,81,81,100,81,81,81,81,100,66]",2026-02-21,"Sitelinks, Video, People also ask, Related searches",navigational,Organic
callrail,8,8,14800,42,13.14,https://www.ringcentral.com/apps/callrail,4,0,52.00,0.48,242000,"[66,100,66,100,81,81,81,81,100,100,81,66]",2026-02-22,"Knowledge panel, Sitelinks, Video, Ads top, Video Carousel, People also ask, Related searches, Short videos, Ads middle",navigational,Organic
ringcentral download,14,14,12100,45,4.55,https://www.ringcentral.com/apps/rc-app,3,0,13.00,0.02,1310000,"[81,100,66,66,66,66,81,66,81,66,81,54]",2026-02-17,"Sitelinks, Video, People also ask, Related searches, See results about",navigational,Organic
ringcentral download,19,19,12100,45,4.55,https://www.ringcentral.com/us/en/blog/ringcentral-meetings-from-any-browser/,3,0,13.00,0.02,1310000,"[81,100,66,66,66,66,81,66,81,66,81,54]",2026-02-17,"Sitelinks, Video, People also ask, Related searches, See results about",navigational,Organic
callrail,16,16,14800,42,13.14,https://www.ringcentral.com/apps/callrail,2,0,26.00,0.48,242000,"[66,100,66,100,81,81,81,81,100,100,81,66]",2026-02-22,"Knowledge panel, Sitelinks, Video, Ads top, Video Carousel, People also ask, Related searches, Short videos, Ads middle",navigational,Organic
